Name,Age,Gender
Person_1,22,Men
Person_2,34,Women
Person_3,27,Men
Person_4,41,Women
Person_5,29,Men
Person_6,25,Women
Person_7,38,Men
Person_8,31,Women
Person_9,24,Men
Person_10,45,Women
Person_11,28,Men
Person_12,36,Women
Person_13,23,Men
Person_14,42,Women
Person_15,30,Men
Person_16,26,Women
Person_17,39,Men
Person_18,32,Women
Person_19,21,Men
Person_20,44,Women
Person_21,27,Men
Person_22,35,Women
Person_23,29,Men
Person_24,40,Women
Person_25,24,Men
Person_26,33,Women
Person_27,22,Men
Person_28,46,Women
Person_29,31,Men
Person_30,28,Women
Person_31,37,Men
Person_32,25,Women
Person_33,43,Men
Person_34,30,Women
Person_35,26,Men
Person_36,41,Women
Person_37,34,Men
Person_38,23,Women
Person_39,29,Men
Person_40,38,Women
Person_41,24,Men
Person_42,45,Women
Person_43,32,Men
Person_44,27,Women
Person_45,35,Men
Person_46,22,Women
Person_47,40,Men
Person_48,31,Women
Person_49,28,Men
Person_50,42,Women
Person_51,25,Men
Person_52,39,Women
Person_53,33,Men
Person_54,24,Women
Person_55,44,Men
Person_56,29,Women
Person_57,36,Men
Person_58,21,Women
Person_59,30,Men
Person_60,43,Women
Person_61,27,Men
Person_62,34,Women
Person_63,23,Men
Person_64,41,Women
Person_65,32,Men
Person_66,26,Women
Person_67,38,Men
Person_68,25,Women
Person_69,45,Men
Person_70,31,Women
Person_71,28,Men
Person_72,40,Women
Person_73,22,Men
Person_74,37,Women
Person_75,29,Men
Person_76,24,Women
Person_77,42,Men
Person_78,35,Women
Person_79,30,Men
Person_80,23,Women
Person_81,44,Men
Person_82,27,Women
Person_83,33,Men
Person_84,21,Women
Person_85,39,Men
Person_86,25,Women
Person_87,36,Men
Person_88,32,Women
Person_89,43,Men
Person_90,26,Women
Person_91,28,Men
Person_92,41,Women
Person_93,24,Men
Person_94,34,Women
Person_95,37,Men
Person_96,29,Women
Person_97,45,Men
Person_98,22,Women
Person_99,31,Men
Person_100,40,Women